{"initial_reset_timestamp": 1626934733.5670645, "timestamps": [1626934740.3924685], "episode_lengths": [130], "episode_rewards": [-130.0], "episode_types": ["t"]}